sku,name,brand,purchase_price,selling_price,stock,min_stock,category
APL-13-128,iPhone 13 128GB,Apple,8025000,8336000,91,3,Smartphone
APL-14-128,iPhone 14 128GB,Apple,8300000,8650000,13,6,Smartphone
APL-15-128,iPhone 15 128GB,Apple,10900000,11500000,41,5,Smartphone
APL-16-128,iPhone 16 128GB,Apple,13450000,13800000,27,3,Smartphone
APL-16P-256,iPhone 16 Pro 256GB,Apple,19500000,19650000,96,10,Smartphone
APL-17-256,iPhone 17 256GB,Apple,16700000,17000000,21,8,Smartphone
APL-17P-256,iPhone 17 Pro 256GB,Apple,22950000,23300000,14,2,Smartphone
APL-17PM-256,iPhone 17 Pro Max 256GB,Apple,24800000,25750000,21,5,Smartphone
INF-GT30-8/256,Infinix GT 30 8/256GB,Infinix,3188000,3425000,39,10,Smartphone
INF-GT30P-8/256,Infinix GT 30 Pro 8/256GB,Infinix,3700000,3900000,87,2,Smartphone
INF-H60P-8/128,Infinix Hot 60 Pro 8/128GB,Infinix,2145000,2250000,81,5,Smartphone
INF-H60P-8/256,Infinix Hot 60 Pro 8/256GB,Infinix,2358000,2545000,93,10,Smartphone
INF-H60PP-8/256,Infinix Hot 60 Pro Plus 8/256GB,Infinix,2725000,2838000,63,5,Smartphone
INF-H60I-6/128,Infinix Hot 60i 6/128GB,Infinix,1614000,1771000,67,6,Smartphone
INF-H60I-8/128,Infinix Hot 60i 8/128GB,Infinix,1615000,1700000,10,4,Smartphone
INF-H60I-8/256,Infinix Hot 60i 8/256GB,Infinix,1966000,2095000,99,8,Smartphone
INF-HOT60I-8/256,Infinix Hot60i 8/256GB,Infinix,1975000,2100000,53,6,Smartphone
INF-N50-8/256,Infinix Note 50 8/256GB,Infinix,2560000,2662000,29,5,Smartphone
INF-N50P-8/256,Infinix Note 50 Pro 8/256GB,Infinix,2973000,3141000,53,3,Smartphone
INF-N50X5G-8/256,Infinix Note 50x 5G 8/256GB,Infinix,2800000,2950000,21,8,Smartphone
INF-N60-8/256,Infinix Note 60 8/256GB,Infinix,3750000,4000000,22,7,Smartphone
INF-N60P-12/256,Infinix Note 60 Pro 12/256GB,Infinix,5500000,5925000,54,6,Smartphone
INF-N60P-8/256,Infinix Note 60 Pro 8/256GB,Infinix,5025000,5500000,15,9,Smartphone
INF-NE5G-8/256,Infinix Note Edge 5G 8/256GB,Infinix,3262000,3625000,78,3,Smartphone
INF-S10-4/128,Infinix Smart 10 4/128GB,Infinix,1324000,1395000,58,3,Smartphone
INF-S10-4/64,Infinix Smart 10 4/64GB,Infinix,1207000,1268000,80,6,Smartphone
INF-S10P-8/128,Infinix Smart 10 Plus 8/128GB,Infinix,1585000,1650000,90,7,Smartphone
INF-S20-4/128,Infinix Smart 20 4/128GB,Infinix,1419000,1589000,83,5,Smartphone
INF-S20-4/64,Infinix Smart 20 4/64GB,Infinix,1422000,1564000,100,3,Smartphone
ITL-A1000C-4/64,Itel A1000c 4/64GB,Itel,1080000,1200000,15,5,Smartphone
ITL-A100C-3/64,Itel A100c 3/64GB,Itel,1086000,1183000,47,3,Smartphone
ITL-A100C-4/64,Itel A100c 4/64GB,Itel,1110000,1200000,39,3,Smartphone
ITL-A90-4/64,Itel A90 4/64GB,Itel,1100000,1200000,58,6,Smartphone
ITL-C100-8/128,Itel City 100 8/128GB,Itel,1350000,1550000,68,7,Smartphone
ITL-S26U-8/256,Itel S26 Ultra 8/256GB,Itel,2488000,2675000,30,7,Smartphone
MOT-G57P-8/256,Motorola G 57 Power 8/256GB,Motorola,3125000,3200000,95,6,Smartphone
MOT-MG06P-4/128,Motorola Moto G 06 Power 4/128GB,Motorola,1675000,1757000,99,3,Smartphone
MOT-MG86P5G-8/256,Motorola Moto G 86 Power 5G 8/256GB,Motorola,3750000,4100000,87,4,Smartphone
NOK-105C,Nokia 105 Charcoal,Nokia,238000,325000,78,5,Smartphone
OPP-A6P-8/128,Oppo A6 Pro 8/128GB,Oppo,3667000,4058000,30,9,Smartphone
OPP-A6P-8/256,Oppo A6 Pro 8/256GB,Oppo,3895000,4175000,58,6,Smartphone
OPP-A6X-4/128,Oppo A6x 4/128GB,Oppo,1675000,2500000,91,10,Smartphone
OPP-A6X-4/64,Oppo A6x 4/64GB,Oppo,1860000,2000000,38,7,Smartphone
OPP-A6X-6/128,Oppo A6x 6/128GB,Oppo,3000000,3050000,17,5,Smartphone
OPP-R155G-12/256,Oppo Reno 15 5G 12/256GB,Oppo,7500000,8300000,14,7,Smartphone
OPP-R155G-8/256,Oppo Reno 15 5G 8/256GB,Oppo,7333000,7683000,61,6,Smartphone
OPP-R15F5G-12/256,Oppo Reno 15 F 5G 12/256GB,Oppo,6250000,7000000,18,5,Smartphone
OPP-R15F5G-8/256,Oppo Reno 15 F 5G 8/256GB,Oppo,5775000,6112000,82,7,Smartphone
OPP-R15F5G-12/256-2,Oppo Reno 15f 5G 12/256GB,Oppo,6200000,6750000,37,9,Smartphone
OPP-R15F5G-8/256-2,Oppo Reno 15f 5G 8/256GB,Oppo,5710000,6125000,60,9,Smartphone
RLM-15T-8/128,Realme 15t 8/128GB,Realme,3420000,3655000,28,6,Smartphone
RLM-C71-4/128,Realme C71 4/128GB,Realme,1776000,1880000,27,5,Smartphone
RLM-C71-6/128,Realme C71 6/128GB,Realme,1945000,2088000,81,10,Smartphone
RLM-C71-8/128,Realme C71 8/128GB,Realme,2202000,2338000,43,8,Smartphone
RLM-C855G-8/256,Realme C85 5G 8/256GB,Realme,3325000,3500000,84,8,Smartphone
RLM-C85-6/128,Realme C85 6/128GB,Realme,2395000,2600000,56,5,Smartphone
RLM-C85-8/128,Realme C85 8/128GB,Realme,2582000,2742000,27,10,Smartphone
RLM-C85-8/256,Realme C85 8/256GB,Realme,2775000,3000000,73,3,Smartphone
RLM-C85P-8/128,Realme C85 Pro 8/128GB,Realme,3050000,3250000,16,3,Smartphone
RLM-C85P-8/256,Realme C85 Pro 8/256GB,Realme,3150000,3600000,29,4,Smartphone
RLM-N70-4/128,Realme Note 70 4/128GB,Realme,1495000,1587000,97,8,Smartphone
RLM-N70-4/64,Realme Note 70 4/64GB,Realme,1423000,1506000,86,3,Smartphone
RLM-N80-4/128,Realme Note 80 4/128GB,Realme,1875000,2000000,59,8,Smartphone
RLM-N80-4/64,Realme Note 80 4/64GB,Realme,1590000,1690000,86,9,Smartphone
SAM-A065G-6/128,Samsung A06 5G 6/128GB,Samsung,1900000,2000000,77,6,Smartphone
SAM-A07-4/128,Samsung A07 4/128GB,Samsung,1577000,1700000,80,2,Smartphone
SAM-A07-4/64,Samsung A07 4/64GB,Samsung,1381000,1486000,97,3,Smartphone
SAM-A075G-6/128,Samsung A07 5G 6/128GB,Samsung,2050000,2750000,97,10,Smartphone
SAM-A07-6/128,Samsung A07 6/128GB,Samsung,1961000,2079000,44,7,Smartphone
SAM-A07-8/256,Samsung A07 8/256GB,Samsung,2298000,2425000,24,6,Smartphone
SAM-A16-8/128,Samsung A16 8/128GB,Samsung,2350000,2475000,65,4,Smartphone
SAM-A175G-8/256,Samsung A17 5G 8/256GB,Samsung,3534000,3681000,68,2,Smartphone
SAM-A17-8/128,Samsung A17 8/128GB,Samsung,2821000,2967000,43,10,Smartphone
SAM-A17-8/256,Samsung A17 8/256GB,Samsung,3230000,3380000,32,10,Smartphone
SAM-A265G-8/256,Samsung A26 5G 8/256GB,Samsung,3767000,4025000,23,6,Smartphone
SAM-A365G-8/256,Samsung A36 5G 8/256GB,Samsung,4550000,5200000,91,10,Smartphone
SAM-A565G-12/256,Samsung A56 5G 12/256GB,Samsung,5740000,6200000,87,5,Smartphone
SAM-A565G-8/256,Samsung A56 5G 8/256GB,Samsung,5481000,6012000,29,7,Smartphone
SAM-GA07-6/128,Samsung Galaxy A07 6/128GB,Samsung,1946000,2067000,30,10,Smartphone
SAM-S25FE-8/256,Samsung S25 FE 8/256GB,Samsung,8475000,8700000,77,2,Smartphone
SAM-S26U-16/1TB,Samsung S26 Ultra 16/1TB,Samsung,24500000,27500000,86,7,Smartphone
SAM-ZF7-12/256,Samsung Z Fold 7 12/256GB,Samsung,25350000,26000000,72,2,Smartphone
TEC-C40P5G-8/256,Tecno Camon 40 Pro 5G 8/256GB,Tecno,3831000,4062000,24,7,Smartphone
TEC-C50-8/128,Tecno Camon 50 8/128GB,Tecno,3371000,3556000,49,5,Smartphone
TEC-C50-8/256,Tecno Camon 50 8/256GB,Tecno,3950000,4200000,17,5,Smartphone
TEC-M11-8/128,Tecno Megapad 11 8/128GB,Tecno,2512000,2700000,82,3,Smartphone
TEC-M11-8/256,Tecno Megapad 11 8/256GB,Tecno,2718000,2852000,20,9,Smartphone
TEC-MSE-4/128,Tecno Megapad SE 4/128GB,Tecno,2258000,2475000,18,10,Smartphone
TEC-P75G-8/128,Tecno Pova 7 5G 8/128GB,Tecno,2817000,3067000,26,4,Smartphone
TEC-P75G-8/256,Tecno Pova 7 5G 8/256GB,Tecno,3065000,3220000,94,9,Smartphone
TEC-P7-8/128,Tecno Pova 7 8/128GB,Tecno,2150000,2279000,80,4,Smartphone
TEC-P7-8/256,Tecno Pova 7 8/256GB,Tecno,2350000,2480000,43,10,Smartphone
TEC-P7C5G-8/256,Tecno Pova 7 Curve 5G 8/256GB,Tecno,2900000,3000000,87,8,Smartphone
TEC-P7C-8/256,Tecno Pova 7 Curve 8/256GB,Tecno,2919000,3100000,37,10,Smartphone
TEC-P7U5G-12/256,Tecno Pova 7 Ultra 5G 12/256GB,Tecno,4750000,5000000,98,5,Smartphone
TEC-PC5G-8/256,Tecno Pova Curve 5G 8/256GB,Tecno,2925000,3100000,49,8,Smartphone
TEC-S40-6/128,Tecno Spark 40 6/128GB,Tecno,1792000,1910000,95,7,Smartphone
TEC-S40-8/256,Tecno Spark 40 8/256GB,Tecno,1983000,2106000,66,10,Smartphone
TEC-S40PP-8/128,Tecno Spark 40 Pro Plus 8/128GB,Tecno,2522000,2675000,67,3,Smartphone
TEC-S40PP-8/256,Tecno Spark 40 Pro Plus 8/256GB,Tecno,2720000,2843000,41,5,Smartphone
TEC-SGO3-4/128,Tecno Spark Go 3 4/128GB,Tecno,1505000,1600000,18,7,Smartphone
TEC-SGO3-4/64,Tecno Spark Go 3 4/64GB,Tecno,1314000,1375000,12,10,Smartphone
VIV-V60L-8/128,Vivo V60 Lite 8/128GB,Vivo,3700000,3800000,39,5,Smartphone
VIV-Y04S-4/128,Vivo Y04s 4/128GB,Vivo,1575000,1800000,10,3,Smartphone
VIV-Y04S-4/64,Vivo Y04s 4/64GB,Vivo,1425000,1550000,100,2,Smartphone
VIV-Y05-4/64,Vivo Y05 4/64GB,Vivo,1810000,1850000,39,3,Smartphone
VIV-Y29-8/256,Vivo Y29 8/256GB,Vivo,2650000,2900000,14,7,Smartphone
VIV-Y400-8/128,Vivo Y400 8/128GB,Vivo,3150000,3200000,19,10,Smartphone
XIA-PC71-4/128,Poco C71 4/128GB,Xiaomi,1341000,1450000,40,6,Smartphone
XIA-PC85-8/256,Poco C85 8/256GB,Xiaomi,1850000,2000000,95,9,Smartphone
XIA-PF75G-12/512,Poco F7 5G 12/512GB,Xiaomi,5747000,5994000,37,10,Smartphone
XIA-PM7P5G-8/256,Poco M7 Pro 5G 8/256GB,Xiaomi,2650000,2800000,26,9,Smartphone
XIA-PX7P-12/5126,Poco X7 Pro 12/5126GB,Xiaomi,4855000,5090000,41,9,Smartphone
XIA-PX7P-12/512,Poco X7 Pro 12/512GB,Xiaomi,4950000,5050000,62,5,Smartphone
XIA-R15-8/128,Redmi 15 8/128GB,Xiaomi,2059000,2202000,22,3,Smartphone
XIA-R15-8/256,Redmi 15 8/256GB,Xiaomi,2254000,2389000,94,8,Smartphone
XIA-R15C-6/128,Redmi 15c 6/128GB,Xiaomi,1748000,1828000,55,8,Smartphone
XIA-R15C-8/256,Redmi 15c 8/256GB,Xiaomi,1908000,2056000,62,9,Smartphone
XIA-RA5-4/128,Redmi A5 4/128GB,Xiaomi,1287000,1356000,16,3,Smartphone
XIA-RA7P-4/128,Redmi A7 Pro 4/128GB,Xiaomi,1685000,1800000,17,8,Smartphone
XIA-RN145G-8/256,Redmi Note 14 5G 8/256GB,Xiaomi,3100000,3300000,53,3,Smartphone
XIA-RN14-8/128,Redmi Note 14 8/128GB,Xiaomi,2282000,2375000,41,5,Smartphone
XIA-RN14-8/256,Redmi Note 14 8/256GB,Xiaomi,2265000,2400000,34,10,Smartphone
XIA-RN155G-12/256,Redmi Note 15 5G 12/256GB,Xiaomi,4325000,4600000,67,4,Smartphone
XIA-RN155G-12/512,Redmi Note 15 5G 12/512GB,Xiaomi,4325000,4560000,64,4,Smartphone
XIA-RN155G-8/256,Redmi Note 15 5G 8/256GB,Xiaomi,3573000,3748000,45,9,Smartphone
XIA-RN15-8/128,Redmi Note 15 8/128GB,Xiaomi,2724000,2875000,41,3,Smartphone
XIA-RN15-8/256,Redmi Note 15 8/256GB,Xiaomi,2925000,3073000,66,10,Smartphone
XIA-RN15P5G-12/512,Redmi Note 15 Pro 5G 12/512GB,Xiaomi,5268000,5529000,22,2,Smartphone
XIA-RN15P5G-8/256,Redmi Note 15 Pro 5G 8/256GB,Xiaomi,4425000,4645000,93,10,Smartphone
XIA-RN15PP-12/512,Redmi Note 15 Pro Plus 12/512GB,Xiaomi,6400000,6600000,11,3,Smartphone
XIA-RN15PP5G-12/512,Redmi Note 15 Pro Plus 5G 12/512GB,Xiaomi,6375000,6800000,40,4,Smartphone
XIA-15T-12/512,Xiaomi 15t 12/512GB,Xiaomi,7500000,8000000,62,9,Smartphone
XIA-15TP-12/512,Xiaomi 15t Pro 12/512GB,Xiaomi,9975000,10467000,71,5,Smartphone
XIA-N145G-8/256,Xiaomi Note 14 5G 8/256GB,Xiaomi,3100000,3150000,61,2,Smartphone
